created_utc,num_comments,score,upvote_ratio
2021-02-21 00:00:00+00:00,3.906779661016949,5.8559322033898304,0.9716101694915255
2021-02-28 00:00:00+00:00,3.462962962962963,6.54320987654321,0.9721604938271605
2021-03-07 00:00:00+00:00,4.54320987654321,7.234567901234568,0.9685185185185186
2021-03-14 00:00:00+00:00,3.580952380952381,5.995238095238095,0.958047619047619
2021-03-21 00:00:00+00:00,2.5652173913043477,4.706521739130435,0.9419565217391304
2021-03-28 00:00:00+00:00,4.285714285714286,11.4,0.9511428571428571
2021-04-04 00:00:00+00:00,3.3666666666666667,5.722222222222222,0.9702222222222221
2021-04-11 00:00:00+00:00,3.6463414634146343,10.71951219512195,0.9486585365853659
2021-04-18 00:00:00+00:00,3.9607843137254903,11.42483660130719,0.9773856209150327
2021-04-25 00:00:00+00:00,3.7048458149779737,9.73568281938326,0.9556387665198238
2021-05-02 00:00:00+00:00,5.293388429752066,14.520661157024794,0.9566942148760331
2021-05-09 00:00:00+00:00,4.4324324324324325,8.447876447876448,0.9516988416988418
2021-05-16 00:00:00+00:00,4.583333333333333,9.601851851851851,0.9617592592592593
2021-05-23 00:00:00+00:00,5.248847926267281,15.433179723502304,0.9522119815668203
2021-05-30 00:00:00+00:00,3.6616161616161618,10.47979797979798,0.9424747474747476
2021-06-06 00:00:00+00:00,5.17004048582996,13.218623481781377,0.9574089068825911
2021-06-13 00:00:00+00:00,4.348739495798319,12.025210084033613,0.9626050420168067
2021-06-20 00:00:00+00:00,5.232824427480916,13.335877862595419,0.9504961832061068
2021-06-27 00:00:00+00:00,4.335907335907336,10.96911196911197,0.9469884169884171
2021-07-04 00:00:00+00:00,5.3992673992674,13.575091575091575,0.9621978021978023
2021-07-11 00:00:00+00:00,4.575510204081633,9.889795918367346,0.9513469387755102
2021-07-18 00:00:00+00:00,4.559471365638767,9.973568281938325,0.9278854625550661
2021-07-25 00:00:00+00:00,4.652985074626866,14.23134328358209,0.955
2021-08-01 00:00:00+00:00,4.584269662921348,7.752808988764045,0.9486516853932584
2021-08-08 00:00:00+00:00,4.028070175438597,9.192982456140351,0.9503157894736841
2021-08-15 00:00:00+00:00,4.229508196721311,10.065573770491802,0.9712704918032787
2021-08-22 00:00:00+00:00,5.43801652892562,11.62809917355372,0.9685123966942148
2021-08-29 00:00:00+00:00,4.385245901639344,9.221311475409836,0.9569672131147541
2021-09-05 00:00:00+00:00,5.7578125,9.72265625,0.9551171875
2021-09-12 00:00:00+00:00,5.121621621621622,8.95045045045045,0.9571171171171171
2021-09-19 00:00:00+00:00,5.053921568627451,9.833333333333334,0.9523529411764706
2021-09-26 00:00:00+00:00,5.032520325203252,7.833333333333333,0.9699186991869918
2021-10-03 00:00:00+00:00,4.101769911504425,8.34070796460177,0.9642920353982302
2021-10-10 00:00:00+00:00,4.8232323232323235,14.186868686868687,0.9498484848484848
2021-10-17 00:00:00+00:00,4.68359375,11.78515625,0.9624609375
2021-10-24 00:00:00+00:00,5.614457831325301,9.987951807228916,0.9603212851405623
2021-10-31 00:00:00+00:00,3.852830188679245,6.4,0.9651698113207547
2021-11-07 00:00:00+00:00,5.072340425531915,11.548936170212766,0.9620851063829787
2021-11-14 00:00:00+00:00,4.842105263157895,9.665413533834586,0.9701503759398497
2021-11-21 00:00:00+00:00,5.7592592592592595,12.314814814814815,0.9578148148148149
2021-11-28 00:00:00+00:00,5.015325670498084,13.329501915708812,0.9575478927203065
2021-12-05 00:00:00+00:00,6.533333333333333,10.336842105263157,0.9572631578947368
2021-12-12 00:00:00+00:00,3.613138686131387,7.4416058394160585,0.9491605839416059
2021-12-19 00:00:00+00:00,5.471153846153846,9.314102564102564,0.9506089743589743
2021-12-26 00:00:00+00:00,4.608333333333333,9.258333333333333,0.9595
